Time,volumeETH,volumeUSD,daily_pct_change_volumeETH,pass_volumeETH,pass_volumeUSD,daily_pct_change_pass_volumeETH,gift_volumeETH,gift_volumeUSD,daily_pct_change_gift_volumeETH,totalFeesETH,protocolFeesETH,protocolFeesUSD,Protocol Earnings - Trading Fees (Ξ),Protocol Earnings - Trading Fees ($),Protocol Earnings - Tip Fees (Ξ),Protocol Earnings - Tip Fees ($),streamerFeesETH,streamerFeesUSD,Streamer Earnings - Trading Fees (Ξ),Streamer Earnings - Trading Fees ($),Streamer Earnings - Tips (Ξ),Streamer Earnings - Tips ($),Referral Earnings (Ξ),Referral Earnings ($),buyVolumeETH,buyVolumeUSD,daily_pct_change_buyVolumeETH,sellVolumeETH,sellVolumeUSD,daily_pct_change_sellVolumeETH,buy_sell_ratio,numberOfTrades,numberOfPassesTraded,cumulative_volumeETH,cumulative_volumeUSD,cumulative_buyVolumeETH,cumulative_sellVolumeETH,Cumulative Protocol Earnings (Ξ),Cumulative Protocol Earnings ($),Cum. Protocol Earnings from Trading Fees (Ξ),Cum. Protocol Earnings from Trading Fees ($),Cum. Protocol Earnings from Tip Fees (Ξ),Cum. Protocol Earnings from Tip Fees ($),Cumulative Streamer Earnings (Ξ),Cumulative Streamer Earnings ($),Cum. Streamer Earnings from Trading Fees (Ξ),Cum. Streamer Earnings from Trading Fees ($),Cum. Streamer Earnings from Tips (Ξ),Cum. Streamer Earnings from Tips ($),Cumulative Referral Earnings (Ξ),Cumulative Referral Earnings ($),cumulative_numberOfPassesTraded
2023-12-03 00:00:00.000 UTC,5.207000000000001,11264.42952895684,1.0118326048634423,4.74525,10265.514542401084,0.9842667851449184,0.46175,998.9149865557557,1.346886912325286,0.936275,0.2791265625,603.8412700098361,0.23295156250000001,503.9497713542606,0.046175,99.89149865557557,0.6528375,1412.2992150202342,0.23726249999999993,513.275727120054,0.41557499999999997,899.0234879001802,0.0043109375000000005,9.32595576579362,2.5486875,5513.6375523493725,1.5475729368401325,2.1965625,4751.876990051711,0.5791247304097773,1.1603072983354674,553,597,295.30750000000006,564186.0671762552,153.71200000000002,128.94875000000005,14.905624218749992,28511.940513381167,13.640949218749995,26036.315919901932,1.2646750000000002,2475.624593479237,25.515112499999997,49252.112403386236,14.13303749999999,26971.49106207312,11.382075000000002,22280.621341313126,0.49208828124999987,935.1751421711823,22455
2023-12-02 00:00:00.000 UTC,2.5881875,5467.609001085068,-0.35998330834737186,2.3914375,5051.969843967012,-0.3588961680880653,0.19675,415.63915711805544,-0.37290836653386444,0.43589375000000025,0.13586171875000014,287.0111830539281,0.11618671875000013,245.44726734212256,0.019675,41.56391571180554,0.2966468750000001,626.6737336046007,0.11957187500000009,252.59849219835078,0.177075,374.07524140624986,0.0033851562500000006,7.151224856228297,1.0004375,2113.4485349392353,-0.4942815619866043,1.391,2938.5213090277766,-0.20602190432021686,0.7192217828900073,256,308,290.10050000000007,552921.6376472983,151.16331250000002,126.75218750000005,14.626497656249992,27908.099243371333,13.407997656249995,25532.36614854767,1.2185000000000001,2375.7330948236613,24.862274999999997,47839.813188366,13.89577499999999,26458.215334953067,10.966500000000002,21381.597853412946,0.48777734374999987,925.8491864053887,21858
2023-12-01 00:00:00.000 UTC,4.0439375,8444.658827905836,-0.1740218293227804,3.7301875,7789.477656768681,-0.15236255698683446,0.31375,655.1811711371543,-0.3664815749621404,0.6867687499999999,0.21683828125,452.80751890595263,0.18546328125,387.28940179223724,0.031375,65.51811711371543,0.46888437499999996,979.1369368618729,0.18650937499999998,389.473882838434,0.282375,589.6630540234388,0.00104609375,2.1844810461968365,1.97825,4131.034746779524,-0.09761660394571785,1.7519375,3658.4429099891577,-0.20670723079100048,1.1291784096179232,365,407,287.51231250000006,547454.0286462132,150.162875,125.36118750000004,14.490635937499992,27621.088060317405,13.291810937499994,25286.918881205547,1.198825,2334.1691791118556,24.565628124999996,47213.1394547614,13.77620312499999,26205.616842754716,10.789425000000001,21007.5226120067,0.48439218749999985,918.6979615491604,21550
2023-11-30 00:00:00.000 UTC,4.8959375000000005,9975.826972005647,-0.045986530428322424,4.4006875,8966.719256091013,-0.02519693760296816,0.49525,1009.1077159146326,-0.1979757085020243,0.9353187499999998,0.25865624999999987,527.0308281565756,0.20913124999999985,426.1200565651123,0.049525,100.91077159146326,0.6657593749999999,1356.53290712772,0.2200343749999999,448.3359628045505,0.44572500000000004,908.1969443231694,0.010903125000000001,22.215906239438123,2.19225,4466.868026681178,-0.04858003092196265,2.2084375,4499.851229409836,-0.0008200429815630688,0.9926701570680628,456,505,283.46837500000004,539009.3698183073,148.184625,123.60925000000005,14.273797656249991,27168.280541411452,13.106347656249994,24899.62947941331,1.16745,2268.65106199814,24.096743749999998,46234.00251789953,13.58969374999999,25816.142959916284,10.507050000000001,20417.859557983258,0.48334609374999987,916.5134805029635,21143
2023-11-29 00:00:00.000 UTC,5.131937499999999,10503.436191626299,0.03459963459963454,4.5144375,9239.611008967851,0.09758543664240449,0.6175,1263.8251826584485,-0.2711714370020654,1.0689437499999999,0.2826484374999999,578.4910334438257,0.2208984374999999,452.1085151779809,0.06175,126.38251826584482,0.7814718749999999,1599.423214840996,0.22572187499999982,461.98055044839225,0.5557500000000001,1137.4426643926035,0.0048234375000000005,9.872035270411514,2.3041875,4715.935527233705,0.275674740484429,2.21025,4523.675481734146,-0.041859709014061657,1.0425008483203257,517,549,278.57243750000004,529033.5428463017,145.992375,121.40081250000004,14.015141406249992,26641.249713254878,12.897216406249994,24473.509422848198,1.117925,2167.7402904066766,23.430984374999998,44877.469610771805,13.36965937499999,25367.806997111733,10.061325000000002,19509.66261366009,0.47244296874999986,894.2975742635253,20638
2023-11-28 00:00:00.000 UTC,4.9603125,10091.061683166343,-0.0010321346306341793,4.1130625,8367.450114124536,-0.08890919411333081,0.84725,1723.611569041806,0.8786031042128601,1.2585562499999998,0.28789453124999986,585.6811386560844,0.20316953124999987,413.31998175190387,0.084725,172.3611569041806,0.9681781249999998,1969.6229178438518,0.2056531249999999,418.37250570622666,0.7625249999999999,1551.2504121376253,0.0024835937500000006,5.052523954322719,1.80625,3674.5628758710677,-0.29229111568224114,2.3068125,4692.887238253468,0.1756330625895843,0.7830068546966864,430,497,273.44050000000004,518530.1066546754,143.6881875,119.19056250000004,13.732492968749991,26062.758679811053,12.676317968749993,24021.400907670217,1.056175,2041.3577721408317,22.649512499999997,43278.04639593081,13.143937499999991,24905.82644666334,9.505575000000002,18372.219949267484,0.46761953124999983,884.4255389931138,20089
2023-11-27 00:00:00.000 UTC,4.965437499999999,10097.211466686238,-0.07735634319691567,4.5144375,9180.10348345707,-0.11723944075087998,0.451,917.1079832291705,0.6844070961718022,0.90244375,0.26835234374999994,545.6941835285666,0.22325234374999997,453.9833852056496,0.0451,91.71079832291704,0.631621875,1284.4023590791069,0.22572187499999993,459.00517417285334,0.40590000000000004,825.3971849062535,0.0024695312499999995,5.021788967203796,2.55225,5189.997450546896,-0.11280090379768837,1.9621875,3990.106032910173,-0.12294669795507877,1.300716674629718,407,526,268.48018750000006,508439.044971509,141.8819375,116.88375000000003,13.444598437499991,25477.07754115497,12.473148437499994,23608.08092591831,0.97145,1868.996615236651,21.681334374999995,41308.42347808696,12.938284374999991,24487.453940957115,8.743050000000002,16820.96953712986,0.4651359374999998,879.3730150387911,19592
2023-11-26 00:00:00.000 UTC,5.38175,11172.292124010419,0.6871681329231735,5.114,10616.454112916668,0.7394188048723455,0.26775,555.8380110937501,0.07207207207207203,0.7791499999999997,0.2710687499999999,562.7275998867186,0.2442937499999999,507.1437987773436,0.026775,55.58380110937501,0.49667499999999987,1031.0769156302083,0.25569999999999987,530.8227056458331,0.240975,500.25420998437505,0.011406249999999998,23.678906868489584,2.87675,5972.014933385417,0.6323722381813668,2.23725,4644.43917953125,0.899596688601146,1.285841993518829,450,476,263.51475000000005,498341.8335048228,139.3296875,114.92156250000004,13.176246093749992,24931.383357626404,12.249896093749994,23154.09754071266,0.92635,1777.285816913734,21.049712499999995,40024.021119007855,12.712562499999992,24028.448766784262,8.337150000000001,15995.572352223604,0.46266640624999983,874.3512260715873,19066
2023-11-25 00:00:00.000 UTC,3.1898125,6646.14911424605,-0.2237128298729942,2.9400625,6125.781305391156,-0.24143324786738268,0.24975,520.3678088548938,0.07073954983922824,0.5437562500000002,0.16827578125000012,350.61181009973166,0.14330078125000012,298.5750292142423,0.024975,52.036780885489385,0.37177812500000007,774.6200932389625,0.1470031250000001,306.289065269558,0.224775,468.33102796940443,0.00370234375,7.714036055315759,1.7623125,3671.8746512215816,-0.3009297136481964,1.17775,2453.9066541695747,-0.1307316173078697,1.4963383570367224,323,365,258.13300000000004,487169.54138081236,136.45293750000002,112.68431250000003,12.905177343749992,24368.655757739685,12.005602343749993,22646.95374193532,0.899575,1721.702015804359,20.553037499999995,38992.94420337765,12.456862499999993,23497.626061138428,8.096175,15495.318142239228,0.4512601562499998,850.6723192030978,18590
2023-11-24 00:00:00.000 UTC,4.1090625,8582.615822167932,-0.26735089596148703,3.8758125,8095.425583391892,-0.30178121059268603,0.23325,487.1902387760396,3.056521739130435,0.6208312499999997,0.20884140624999986,436.2079081554612,0.18551640624999988,387.48888427785727,0.023325,48.71902387760396,0.4037156249999999,843.24249406803,0.19379062499999988,404.7712791695944,0.20992500000000003,438.47121489843573,0.00827421875,17.282394891737123,2.5209375,5265.492572623676,0.0058352659534675385,1.354875,2829.933010768217,-0.5550035923226933,1.8606421256573484,535,607,254.94318750000005,480523.3922665663,134.690625,111.50656250000003,12.736901562499993,24018.043947639955,11.862301562499994,22348.378712721074,0.8746,1669.6652349188696,20.181259374999996,38218.32411013869,12.309859374999993,23191.33699586887,7.871400000000001,15026.987114269823,0.4475578124999998,842.958283147782,18225
2023-11-23 00:00:00.000 UTC,5.6085,11578.589147760413,0.2206820562349516,5.551,11459.882028923608,0.22253575410535592,0.0575,118.70711883680552,0.06481481481481487,0.6125999999999995,0.2721210937499997,561.7862785005689,0.26637109374999973,549.9155666168883,0.00575,11.870711883680551,0.32929999999999987,679.830508399305,0.27754999999999985,572.99410144618,0.051750000000000004,106.83640695312498,0.011178906249999999,23.07853482929144,2.5063125,5174.211057037758,0.26565458906703693,3.0446875,6285.670971885849,0.18918589039423897,0.8231756132608026,516,573,250.83412500000006,471940.77644439833,132.1696875,110.15168750000002,12.528060156249992,23581.836039484493,11.676785156249993,21960.889828443218,0.851275,1620.9462110412655,19.777543749999996,37375.08161607066,12.116068749999993,22786.565716699275,7.661475000000001,14588.515899371387,0.4392835937499998,825.6758882560449,17618
2023-11-22 00:00:00.000 UTC,4.5945625,9276.412275028237,-0.026524180306160283,4.5405625,9167.386385653237,-0.022746838848533797,0.054,109.02588937500029,-0.26530612244897955,0.5080562499999997,0.22163984374999987,447.4903904774044,0.21623984374999988,436.5878015399044,0.0054,10.90258893750003,0.27562812499999984,556.4926197201618,0.22702812499999986,458.36931928266154,0.0486,98.12330043750026,0.01078828125,21.78151774275722,1.98025,3998.120693237858,0.0831766435335544,2.5603125,5169.265692415379,-0.09146354986803866,0.7734407420969119,476,510,245.22562500000006,460362.1872966379,129.663375,107.10700000000003,12.255939062499992,23020.049760983926,11.410414062499994,21410.97426182633,0.845525,1609.075499157585,19.448243749999996,36695.251107671356,11.838518749999993,22213.571615253095,7.609725000000001,14481.679492418261,0.4281046874999998,802.5973534267534,17045
2023-11-21 00:00:00.000 UTC,4.71975,9454.59333292679,0.4581756391442035,4.64625,9307.358286585328,0.49505269085351156,0.0735,147.23504634146278,-0.4302325581395349,0.5381249999999999,0.23030078125000003,461.3380435349502,0.22295078125000004,446.61453890080395,0.00735,14.723504634146279,0.29846249999999985,597.8794560365826,0.23231249999999987,465.36791432926606,0.06615,132.51154170731652,0.00936171875,18.753375428462462,1.8281875,3662.221378005211,-0.04955159864829733,2.8180625,5645.136908580115,1.3796179016255012,0.6487391603273526,399,415,240.63106250000007,451085.7750216097,127.68312499999999,104.54668750000003,12.034299218749993,22572.559370506522,11.194174218749994,20974.386460286427,0.840125,1598.172910220085,19.172615624999995,36138.75848795119,11.611490624999993,21755.202295970434,7.5611250000000005,14383.55619198076,0.4173164062499998,780.8158356839962,16535
2023-11-20 00:00:00.000 UTC,3.23675,6546.3526116579615,0.10002336498226377,3.10775,6285.449085928795,0.06532404927691483,0.129,260.9035257291657,4.108910891089109,0.43977499999999975,0.16371796874999991,331.1208935821112,0.15081796874999992,305.0305410091947,0.0129,26.09035257291657,0.2714874999999999,549.0856274526886,0.1553874999999999,314.2724542964396,0.11610000000000001,234.81317315624915,0.004569531250000001,9.241913287244975,1.9235,3890.2940444965134,0.8211728504645244,1.18425,2395.155041432283,-0.3636485760343901,1.6242347477306311,352,381,235.91131250000007,441631.1816886829,125.85493749999999,101.72862500000004,11.803998437499994,22111.221326971572,10.971223437499994,20527.77192138562,0.832775,1583.4494055859386,18.874153124999996,35540.87903191461,11.379178124999994,21289.83438164117,7.494975,14251.044650273445,0.4079546874999998,762.0624602555337,16120
2023-11-19 00:00:00.000 UTC,2.9424375,5788.130617871082,-0.04931241291573272,2.9171875,5738.4608124457345,-0.04160078848483611,0.02525,49.66980542534712,-0.5073170731707316,0.3169687500000002,0.1473914062500001,289.9367314774573,0.1448664062500001,284.96975093492256,0.002525,4.966980542534712,0.1685843750000001,331.6258655050993,0.1458593750000001,286.9230406222869,0.022725000000000002,44.70282488281241,0.0009929687500000001,1.9532896873643626,1.0561875,2077.648618522131,-0.12707267937393463,1.861,3660.8121939236034,0.014791084452320942,0.5675376141859216,265,315,232.67456250000006,435084.8290770249,123.93143749999999,100.54437500000003,11.640280468749994,21780.10043338946,10.820405468749994,20222.74138037643,0.819875,1557.359053013022,18.602665624999997,34991.79340446192,11.223790624999994,20975.56192734473,7.378875,14016.231477117195,0.4033851562499998,752.8205469682887,15739
2023-11-18 00:00:00.000 UTC,3.0950625,6040.837884335958,0.21649307261471953,3.0438125,5940.809874700541,0.3280159249563701,0.05125,100.02800963541699,-0.7968285431119921,0.35563125,0.15181562499999995,296.30858146940193,0.14669062499999996,286.30578050586024,0.005125,10.0028009635417,0.19831562500000002,387.06570240690235,0.15219062500000002,297.04049373502704,0.046125,90.02520867187529,0.0055,10.734713229166701,1.2099375,2361.5149250390705,0.3060990419646473,1.833875,3579.29494966147,0.3428832951945079,0.6597709767568674,249,275,229.73212500000005,429296.6984591538,122.87524999999998,98.68337500000003,11.492889062499994,21490.163701912003,10.675539062499995,19937.771629441508,0.81735,1552.3920724704874,18.434081249999995,34660.16753895682,11.077931249999994,20688.63888672244,7.3561499999999995,13971.528652234383,0.40239218749999983,750.8672572809243,15424
2023-11-17 00:00:00.000 UTC,2.54425,4994.837146614591,-0.2992132761796554,2.292,4499.623362500007,-0.32014608553790264,0.25225,495.21378411458403,-0.02700096432015432,0.48145,0.1378875,270.6988727734379,0.11266249999999998,221.17749436197948,0.025225,49.52137841145841,0.341625,670.673573828126,0.11460000000000002,224.98116812500038,0.22702499999999998,445.69240570312564,0.0019374999999999996,3.8036737630208384,0.926375,1818.6468553385444,-0.5384854900983933,1.365625,2680.9765071614625,0.0011454753722795936,0.6783524027459953,204,213,226.63706250000004,423255.86057481787,121.66531249999998,96.84950000000002,11.341073437499995,21193.8551204426,10.528848437499995,19651.465848935648,0.812225,1542.3892715069458,18.235765624999996,34273.10183654992,10.925740624999994,20391.598392987413,7.3100249999999996,13881.503443562508,0.3968921874999998,740.1325440517576,15149
2023-11-16 00:00:00.000 UTC,3.6305625,7363.149352942741,-0.1630550672852492,3.3713125,6837.36403186635,-0.19723487216120486,0.25925,525.7853210763911,0.8752260397830015,0.5963812500000001,0.1914937500000001,388.36876693489774,0.1655687500000001,335.79023482725864,0.025925,52.57853210763912,0.401890625,815.0749905620696,0.16856562500000002,341.8682015933175,0.23332499999999998,473.20678896875205,0.002996875,6.077966766059054,2.00725,4070.9067916319623,0.39217131215050505,1.3640625,2766.457240234387,-0.5053824362606233,1.4715234822451317,298,324,224.09281250000004,418261.02342820325,120.73893749999999,95.48387500000003,11.203185937499995,20923.15624766916,10.416185937499995,19430.28835457367,0.7869999999999999,1492.8678930954873,17.894140624999995,33602.42826272179,10.811140624999995,20166.617224862413,7.082999999999999,13435.811037859381,0.39495468749999985,736.3288702887368,14936
2023-11-15 00:00:00.000 UTC,4.337875,8709.944504652778,0.16738991489218563,4.199625,8432.354710624999,0.18495397312453707,0.13825,277.58979402777777,-0.1950509461426492,0.5582124999999998,0.2149242187499999,431.5426373554685,0.2010992187499999,403.7836579526907,0.013825,27.758979402777776,0.3344062499999999,671.4485501562498,0.20998124999999992,421.6177355312498,0.12442500000000001,249.830814625,0.008882031249999998,17.83407757855902,1.4418125,2894.990487534722,0.43250124192747147,2.7578125,5537.364223090277,0.08676912467366148,0.5228101983002833,360,378,220.46225000000004,410897.8740752605,118.73168749999999,94.11981250000002,11.011692187499996,20534.787480734263,10.250617187499994,19094.49811974641,0.761075,1440.289360987848,17.492249999999995,32787.35327215972,10.642574999999995,19824.749023269094,6.8496749999999995,12962.60424889063,0.39195781249999984,730.2509035226777,14612
2023-11-14 00:00:00.000 UTC,3.715875,7566.488788710941,0.7946210268948652,3.544125,7216.761080039067,0.7520778618878418,0.17175,349.7277086718752,2.5968586387434556,0.5261624999999999,0.19043515624999993,387.7755507766114,0.17326015624999994,352.80277990942386,0.017175,34.97277086718751,0.3317812499999999,675.5929918066407,0.17720624999999987,360.838054001953,0.15457500000000002,314.7549378046877,0.00394609375,8.035274092529301,1.0065,2049.496004531251,0.1256028517508911,2.537625,5167.265075507815,1.248421752132019,0.39663070784690413,296,309,216.12437500000004,402187.9295706077,117.289875,91.36200000000002,10.796767968749997,20103.244843378794,10.049517968749994,18690.71446179372,0.74725,1412.5303815850702,17.157843749999994,32115.90472200347,10.432593749999995,19403.131287737844,6.72525,12712.77343426563,0.38307578124999986,712.4168259441187,14234
2023-11-13 00:00:00.000 UTC,2.0705625000000003,4276.574440664061,-0.07061100824776961,2.0228125,4177.950791514755,-0.08006935364675118,0.04775,98.6236491493055,0.6465517241379309,0.2500312499999999,0.10096171874999998,208.52802361279282,0.09618671874999998,198.66565869786226,0.004775,9.862364914930549,0.14411562499999997,297.6588238101126,0.10114062499999996,208.89753957573762,0.042975,88.76128423437494,0.00495390625,10.231880877875428,0.8941875,1846.8698277213532,-0.32956888472352386,1.128625,2331.080963793401,0.3045802629677792,0.7922804297264371,245,264,212.40850000000003,394621.44078189676,116.28337499999999,88.82437500000002,10.606332812499996,19715.46929260218,9.876257812499993,18337.911681884296,0.7300749999999999,1377.5576107178827,16.826062499999995,31440.31173019683,10.255387499999996,19042.29323373589,6.570675,12398.018496460942,0.37912968749999987,704.3815518515894,13925
2023-11-12 00:00:00.000 UTC,2.227875,4573.355421341146,-0.31498741280242903,2.198875,4513.824564709202,-0.31511222721875054,0.029,59.530856631944445,-0.30538922155688625,0.24888749999999998,0.1034890625,212.44112216075305,0.1005890625,206.4880364975586,0.0029,5.953085663194444,0.13604375,279.26899920421005,0.10994374999999999,225.69122823546004,0.0261,53.57777096875,0.009354687499999997,19.20319173790147,1.33375,2737.906208029514,-0.2293246659443843,0.865125,1775.9183566796876,-0.41543139490687947,1.5416847276405143,292,325,210.33793750000004,390344.8663412327,115.38918749999999,87.69575000000002,10.505371093749996,19506.941268989387,9.780071093749994,18139.246023186435,0.7253,1367.695245802952,16.681946874999994,31142.652906386716,10.154246874999997,18833.395694160154,6.527699999999999,12309.257212226566,0.3741757812499999,694.1496709737139,13661
2023-11-11 00:00:00.000 UTC,3.2523125,6709.805377771272,-0.669453143361685,3.2105625,6623.671473196619,-0.665416104890869,0.04175,86.13390457465285,-0.8285420944558521,0.3628062499999999,0.15983437499999992,329.75230668261725,0.1556593749999999,321.13891622515195,0.004175,8.613390457465284,0.19810312499999996,408.7040877770184,0.16052812499999997,331.18357365983087,0.037575000000000004,77.52051411718756,0.00486875,10.044657434678825,1.730625,3570.4308647786484,-0.6476964769647696,1.4799375,3053.2406084179706,-0.6840019216910881,1.1693905992651719,215,272,208.11006250000003,385771.51091989153,114.0554375,86.83062500000001,10.401882031249997,19294.500146828635,9.679482031249995,17932.757986688877,0.7223999999999999,1361.7421601397575,16.545903124999995,30863.383907182506,10.044303124999997,18607.704465924693,6.5016,12255.679441257817,0.3648210937499999,674.9464792358125,13336
2023-11-10 00:00:00.000 UTC,9.8391875,20671.48109132811,0.14027958858467326,9.5956875,20159.903723203115,0.2694387485117079,0.2435,511.5773681249997,-0.7723767235335358,1.20306875,0.486015625,1021.0866295898431,0.461665625,969.9288927773432,0.02435,51.15773681249997,0.698934375,1468.4148174726554,0.479784375,1007.9951861601556,0.21914999999999998,460.4196313124997,0.018118750000000003,38.06629338281248,4.9123125,10320.443121796869,0.596980656697009,4.683375,9839.460601406245,0.044696631719830515,1.0488830170550083,320,355,204.85775000000004,379061.70554212027,112.3248125,85.3506875,10.242047656249998,18964.747840146018,9.523822656249996,17611.619070463727,0.7182249999999999,1353.1287696822922,16.347799999999996,30454.679819405486,9.883774999999996,18276.520892264864,6.4640249999999995,12178.158927140628,0.3599523437499999,664.9018218011337,13064
2023-11-09 00:00:00.000 UTC,8.62875,16915.172619921897,1.2641695093151404,7.559,14818.112685381962,1.0568707482993198,1.06975,2097.0599345399332,6.865808823529411,1.82565,0.47338437499999997,927.9882275762815,0.366409375,718.2822341222882,0.106975,209.70599345399333,1.340725,2628.2595753550377,0.37795000000000006,740.9056342690983,0.9627749999999999,1887.3539410859398,0.011540624999999999,22.62340014680992,3.076,6029.966215138897,0.3188627167242812,4.483,8788.146470243066,2.3388260485034675,0.6861476689716708,326,343,195.01856250000003,358390.2244507921,107.4125,80.66731250000001,9.756032031249998,17943.661210556176,9.062157031249995,16641.69017768638,0.6938749999999999,1301.9710328697922,15.648865624999996,28986.265001932832,9.403990624999997,17268.52570610471,6.2448749999999995,11717.739295828129,0.3418335937499999,626.8355284183212,12709
2023-11-08 00:00:00.000 UTC,3.811,7198.601340486116,-0.4319253200171422,3.675,6941.710817708337,-0.44099024585020824,0.136,256.89052277777796,0.011152416356877333,0.5035000000000001,0.19305468749999996,364.66117350423195,0.17945468749999996,338.97212122645414,0.0136,25.689052277777794,0.30615000000000003,578.2870113854171,0.18375,347.0855408854169,0.12240000000000001,231.20147050000017,0.004295312500000001,8.113419658962682,2.3323125,4405.5071868098985,-0.29201844087347517,1.3426875,2536.2036308984393,-0.5906206528574423,1.737047898338221,243,270,186.38981250000003,341475.0518308702,104.3365,76.1843125,9.282647656249997,17015.672982979893,8.695747656249996,15923.407943564094,0.5868999999999999,1092.2650394157988,14.308140624999997,26358.005426577794,9.026040624999997,16527.62007183561,5.2821,9830.38535474219,0.33029296874999986,604.2121282715113,12366
2023-11-07 00:00:00.000 UTC,6.7086250000000005,12649.587165894114,-0.45033797623924615,6.574125,12395.977898151057,-0.42133001782452734,0.1345,253.60926774305588,-0.8406870002961208,0.7919125000000007,0.3360460937500003,633.638689694066,0.32259609375000026,608.2777629197603,0.01345,25.360926774305586,0.4497562500000004,848.047235876304,0.3287062500000004,619.7988949075536,0.12105,228.24834096875028,0.006110156249999998,11.52113198779298,3.2943125,6211.659337113723,-0.2580272807894255,3.2798125,6184.318561037334,-0.5260942988991538,1.0044209844312748,333,380,182.57881250000003,334276.4504903841,102.0041875,74.84162500000001,9.089592968749997,16651.01180947566,8.516292968749996,15584.43582233764,0.5732999999999999,1066.575987138021,14.001990624999996,25779.718415192376,8.842290624999997,16180.53453095019,5.1597,9599.18388424219,0.3259976562499999,596.0987086125486,12096
2023-11-06 00:00:00.000 UTC,12.205,23108.826221354153,0.2461472684691814,11.36075,21510.331625911444,0.6008525104141896,0.84425,1598.4945954427071,-0.6870250231696015,1.980325,0.6303304687499998,1193.461471885985,0.5459054687499998,1033.6120123417145,0.084425,159.84945954427073,1.3278625000000002,2514.1617171940093,0.5680375000000002,1075.5165812955727,0.759825,1438.6451358984366,0.022132031249999986,41.90456895385737,4.4399375,8406.533725618485,1.2399886485463834,6.9208125,13103.79790029296,0.3531582613371135,0.6415341406807366,533,570,175.87018750000001,321626.86332448997,98.709875,71.5618125,8.753546874999996,16017.373119781594,8.193696874999995,14976.15805941788,0.55985,1041.2150603637153,13.552234374999996,24931.671179316072,8.513584374999997,15560.735636042637,5.03865,9370.93554327344,0.3198874999999999,584.5775766247557,11716
2023-11-05 00:00:00.000 UTC,9.7941875,18434.09599552952,0.12882591501408258,7.0966875,13357.00573684896,-0.1662664933806199,2.6975,5077.090258680556,15.398176291793312,3.4071687499999994,0.6146414062499999,1156.845188601888,0.3448914062499998,649.1361627338322,0.26975,507.7090258680556,2.7825843749999994,5237.231519654948,0.35483437499999987,667.8502868424478,2.4277499999999996,4569.3812328125005,0.00994296875,18.714124108615454,1.982125,3730.6496863715283,-0.5963907554469557,5.1145625,9626.356050477432,0.42034192484596017,0.38754536678357143,570,627,163.6651875,298518.03710313584,94.2699375,64.641,8.123216406249997,14823.91164789561,7.647791406249995,13942.546047076165,0.475425,881.3656008194447,12.224371874999996,22417.509462122063,7.945546874999996,14485.219054747064,4.278824999999999,7932.290407375003,0.2977554687499999,542.6730076708983,11146
2023-11-04 00:00:00.000 UTC,8.6764375,15954.501401019963,-0.5575658681012586,8.5119375,15652.013717513018,-0.5591083169579701,0.1645,302.4876835069444,-0.4597701149425287,1.0156937499999998,0.4334414062499999,797.0254523559566,0.41699140624999986,766.7766840052623,0.01645,30.248768350694437,0.5736468750000001,1054.839601031901,0.42559687500000015,782.6006858756512,0.14805000000000001,272.23891515625,0.008605468749999998,15.824001870388448,4.911,9030.498563541665,-0.41197952524919923,3.6009375,6621.515153971353,-0.6712804742370385,1.3638115074199426,745,861,153.871,280083.94110760634,92.2878125,59.5264375,7.508574999999996,13667.066459293721,7.302899999999996,13293.409884342333,0.205675,373.6565749513891,9.441787499999997,17180.277942467117,7.590712499999996,13817.368767904616,1.8510750000000002,3362.9091745625024,0.2878124999999999,523.9588835622828,10519
2023-11-03 00:00:00.000 UTC,19.610687500000004,35406.21107660591,-0.7222107621849461,19.306187500000004,34856.45007139757,-0.7242290843286798,0.3045,549.7610052083334,-0.4817021276595745,2.235118749999999,0.9693953124999993,1750.1994792914484,0.9389453124999994,1695.2233787706152,0.03045,54.976100520833334,1.2393593749999998,2237.607408257378,0.9653093749999998,1742.822503569878,0.27405,494.78490468750005,0.026364062499999997,47.59912479926215,8.35175,15078.70763628472,-0.7952648053354824,10.9544375,19777.742435112847,-0.6250422512311689,0.7624079282938991,1204,1318,145.19456250000002,264129.43970658636,87.3768125,55.9255,7.075133593749996,12870.041006937765,6.8859085937499955,12526.63320033707,0.189225,343.40780660069464,8.868140624999997,16125.438341435218,7.165115624999996,13034.768082028964,1.7030250000000002,3090.670259406252,0.2792070312499999,508.13488169189435,9658
2023-11-02 00:00:00.000 UTC,70.5955625,129068.87907112189,0.5904020748617321,70.0080625,127994.76104204202,0.5972089136808003,0.5875,1074.1180290798607,0.054757630161579834,7.588306249999997,3.4130999999999965,6240.122970302074,3.3543499999999966,6132.711167394088,0.05875,107.41180290798604,4.029153125000001,7366.444278273977,3.500403125,6399.738052102101,0.52875,966.7062261718746,0.14605312499999998,267.02688470800763,40.7929375,74581.15681340925,0.402243806651069,29.215125,53413.60422863279,0.9819881701965274,1.3962951553347795,4349,5011,125.583875,228723.22862998047,79.0250625,44.9710625,6.105738281249996,11119.841527646317,5.946963281249996,10831.409821566454,0.158775,288.4317060798613,7.628781249999997,13887.83093317784,6.199806249999996,11291.945578459086,1.428975,2595.8853547187523,0.2528429687499999,460.5357568926322,8340
2023-11-01 00:00:00.000 UTC,44.3885,80531.15642609377,3.1876684139460014,43.8315,79520.62770515626,3.3155841358727423,0.557,1010.5287209375003,0.2566271855611959,4.940149999999996,2.1634875,3925.0740684726575,2.1077875,3824.0211963789075,0.0557,101.05287209375003,2.6928749999999964,4885.5072341015575,2.1915749999999963,3976.031385257807,0.5013000000000001,909.4758488437504,0.08378749999999992,152.01018887890615,29.091187500000004,52778.24146306643,2.182516837031213,14.7403125,26742.38624208985,13.513538461538461,1.9735801055778162,2374,2498,54.9883125,99654.34955885858,38.232125,15.7559375,2.69263828125,4879.718557344242,2.59261328125,4698.698654172366,0.100025,181.01990317187526,3.599628124999996,6521.386654903863,2.6994031249999964,4892.207526356985,0.900225,1629.1791285468776,0.10678984374999992,193.50887218462458,3329
2023-10-31 00:00:00.000 UTC,10.5998125,19123.193132764813,,10.1565625,18323.52282198356,,0.44325,799.6703107812523,,1.4589062499999998,0.5291507812499998,954.6444888715845,0.4848257812499998,874.6774577934592,0.044325,79.96703107812523,0.906753125,1635.8794208023053,0.5078281250000001,916.1761410991782,0.398925,719.703279703127,0.023002343749999998,41.49868330571843,9.1409375,16491.22691812071,,1.015625,1832.2959038628526,,9.000307692307691,788,831,10.5998125,19123.193132764813,9.1409375,1.015625,0.5291507812499998,954.6444888715845,0.4848257812499998,874.6774577934592,0.044325,79.96703107812523,0.906753125,1635.8794208023053,0.5078281250000001,916.1761410991782,0.398925,719.703279703127,0.023002343749999998,41.49868330571843,831
